feature_id,water,wet,bs,pv,npv,pc_missing,date,s3_csv_path,display_time
248,0.0121380182137038,0.1565880017448123,0.0743989299671512,0.4040133353511434,0.3419621571577363,0.0,1986-08-19T23:30:42Z,s3://dea-public-data-dev/projects/WIT/Ramsar_WIT2_update_UID_result/248.csv,1986-08-19
248,0.0132828339088782,0.0477665144257547,0.0897774312131001,0.4334161078311239,0.4037911551743343,0.0010727034798322,1987-09-23T23:36:17Z,s3://dea-public-data-dev/projects/WIT/Ramsar_WIT2_update_UID_result/248.csv,1987-09-23
248,0.0125530276389179,0.0290322149861783,0.0886019399324273,0.4311234514594007,0.4265554848273069,8.456998388717274e-05,1987-10-09T23:36:36Z,s3://dea-public-data-dev/projects/WIT/Ramsar_WIT2_update_UID_result/248.csv,1987-10-09
248,0.0131528580203502,0.0156454470191306,0.0620008813082531,0.4329781097273286,0.4645235149065725,0.0,1987-10-25T23:36:51Z,s3://dea-public-data-dev/projects/WIT/Ramsar_WIT2_update_UID_result/248.csv,1987-10-25
248,0.0123739239582313,0.0044599538871035,0.0784879331986148,0.3829788664061317,0.5101499114240694,0.0,1987-12-12T23:37:44Z,s3://dea-public-data-dev/projects/WIT/Ramsar_WIT2_update_UID_result/248.csv,1987-12-12
248,0.0082700542138107,0.005252241104573,0.0411313683423392,0.3923456597794059,0.5423532710779558,0.0,1987-12-28T23:38:00Z,s3://dea-public-data-dev/projects/WIT/Ramsar_WIT2_update_UID_result/248.csv,1987-12-28
248,0.0080385995210668,0.0050341395671797,0.0797536787942991,0.4124335235416128,0.4827563583274726,0.0,1988-02-14T23:38:51Z,s3://dea-public-data-dev/projects/WIT/Ramsar_WIT2_update_UID_result/248.csv,1988-02-14
248,0.0061246472541461,0.0077047706373015,0.1005359511452556,0.4150978341182021,0.4577634354998086,0.0,1988-03-01T23:39:01Z,s3://dea-public-data-dev/projects/WIT/Ramsar_WIT2_update_UID_result/248.csv,1988-03-01
248,0.0066409692610363,0.0111543357695423,0.0953752236653521,0.4286494173573216,0.4452923005706248,0.0,1988-03-17T23:39:10Z,s3://dea-public-data-dev/projects/WIT/Ramsar_WIT2_update_UID_result/248.csv,1988-03-17
248,0.0072507633553808,0.01044661853596,0.0602461876741474,0.4606162926299484,0.4489943738705456,0.0,1988-04-02T23:39:17Z,s3://dea-public-data-dev/projects/WIT/Ramsar_WIT2_update_UID_result/248.csv,1988-04-02
248,0.0085504704761735,0.1719752877604978,0.059942937516135,0.4979816260582375,0.2503189623708082,0.0,1988-06-21T23:39:50Z,s3://dea-public-data-dev/projects/WIT/Ramsar_WIT2_update_UID_result/248.csv,1988-06-21
248,0.0154406986370879,0.1499692877426936,0.0592840038101003,0.459342490630536,0.3045669126614619,0.0,1988-08-08T23:39:56Z,s3://dea-public-data-dev/projects/WIT/Ramsar_WIT2_update_UID_result/248.csv,1988-08-08
248,0.0328843705767672,0.1073682711224662,0.0819034477847115,0.3944427283167013,0.3724600963207606,0.0,1988-09-25T23:39:54Z,s3://dea-public-data-dev/projects/WIT/Ramsar_WIT2_update_UID_result/248.csv,1988-09-25
248,0.009227030347271,0.0346336339276971,0.07811235344912,0.4099172104368263,0.4562900483384223,0.0,1988-10-27T23:39:47Z,s3://dea-public-data-dev/projects/WIT/Ramsar_WIT2_update_UID_result/248.csv,1988-10-27
248,0.0077270258962192,0.0167982694310665,0.0807169309107742,0.3912310719022905,0.4915607167973791,0.0,1988-11-12T23:39:49Z,s3://dea-public-data-dev/projects/WIT/Ramsar_WIT2_update_UID_result/248.csv,1988-11-12
248,0.0120801545405179,0.0060623325291766,0.07850057418568,0.3821138490025193,0.509848886791949,0.0,1988-12-14T23:39:35Z,s3://dea-public-data-dev/projects/WIT/Ramsar_WIT2_update_UID_result/248.csv,1988-12-14
248,0.0087774741171338,0.0047982338226522,0.0644691675642954,0.4332972501402081,0.4763971406443343,0.0,1989-01-31T23:39:16Z,s3://dea-public-data-dev/projects/WIT/Ramsar_WIT2_update_UID_result/248.csv,1989-01-31
248,0.0065875566396339,0.008862044101021,0.0700870180623681,0.4382289264953307,0.463524120249615,0.0,1989-02-16T23:39:12Z,s3://dea-public-data-dev/projects/WIT/Ramsar_WIT2_update_UID_result/248.csv,1989-02-16
248,0.0053012026741919,0.0086929041332466,0.0908319015783429,0.4256749574924555,0.4563862355674645,0.0,1989-03-04T23:38:54Z,s3://dea-public-data-dev/projects/WIT/Ramsar_WIT2_update_UID_result/248.csv,1989-03-04
248,0.0090388423310239,0.0099974340726109,0.0547047004884944,0.4722398125420594,0.442174163531878,0.0806219009551957,1989-03-27T23:44:22Z,s3://dea-public-data-dev/projects/WIT/Ramsar_WIT2_update_UID_result/248.csv,1989-03-27
248,0.0104243632770423,0.3159846171650361,0.0408265158056848,0.3773312383716271,0.2464919480473235,0.0,1989-07-26T23:36:23Z,s3://dea-public-data-dev/projects/WIT/Ramsar_WIT2_update_UID_result/248.csv,1989-07-26
248,0.0139000751110829,0.2578436784521687,0.0672903903061455,0.3939335583649313,0.2573845506456838,0.0162908495277434,1989-08-11T23:36:01Z,s3://dea-public-data-dev/projects/WIT/Ramsar_WIT2_update_UID_result/248.csv,1989-08-11
248,0.01899263796035,0.5292167039071333,0.0452263359831928,0.2320123205113368,0.1682996537081712,0.0,1989-09-28T23:34:57Z,s3://dea-public-data-dev/projects/WIT/Ramsar_WIT2_update_UID_result/248.csv,1989-09-28
248,0.0095964676453045,0.0051587690171187,0.0582153062768732,0.46753002234428,0.447125288205603,0.0,1990-03-07T23:30:01Z,s3://dea-public-data-dev/projects/WIT/Ramsar_WIT2_update_UID_result/248.csv,1990-03-07
248,0.007949578485396,0.0075578859284448,0.0650565283576509,0.4573734788530529,0.4490462286238239,0.0,1990-03-23T23:29:29Z,s3://dea-public-data-dev/projects/WIT/Ramsar_WIT2_update_UID_result/248.csv,1990-03-23
248,0.0063682539397396,0.0134865067567264,0.0698060332245011,0.475435291264534,0.4213489201363471,0.0088976525152894,1990-04-08T23:29:22Z,s3://dea-public-data-dev/projects/WIT/Ramsar_WIT2_update_UID_result/248.csv,1990-04-08
248,0.0056528357650912,0.2011074216837438,0.0787648331300686,0.4642010362048552,0.2384958560707895,0.0,1990-06-27T23:29:23Z,s3://dea-public-data-dev/projects/WIT/Ramsar_WIT2_update_UID_result/248.csv,1990-06-27
248,0.064295443013184,0.5059599583381553,0.047613257012632,0.2152847782931106,0.1609519019344271,0.0,1990-09-15T23:29:04Z,s3://dea-public-data-dev/projects/WIT/Ramsar_WIT2_update_UID_result/248.csv,1990-09-15
248,0.0183860942270139,0.3677448041291931,0.0776719656756236,0.3006458281764258,0.2271794237098563,0.0289852492143893,1990-10-01T23:28:51Z,s3://dea-public-data-dev/projects/WIT/Ramsar_WIT2_update_UID_result/248.csv,1990-10-01
248,0.011051961578521,0.0511870955106691,0.0626200671218609,0.4698525366544114,0.3932661817987591,0.0,1990-11-02T23:28:38Z,s3://dea-public-data-dev/projects/WIT/Ramsar_WIT2_update_UID_result/248.csv,1990-11-02
248,0.0130504838293288,0.0219837447588865,0.080135178442666,0.4359558188599967,0.4366897972991018,0.0,1990-11-18T23:28:41Z,s3://dea-public-data-dev/projects/WIT/Ramsar_WIT2_update_UID_result/248.csv,1990-11-18
248,0.0098056670791307,0.0100771812379265,0.0658353288882162,0.4402964845593013,0.4617921269796053,0.0,1990-12-04T23:28:26Z,s3://dea-public-data-dev/projects/WIT/Ramsar_WIT2_update_UID_result/248.csv,1990-12-04
248,0.0130015222597099,0.0057329546971949,0.0699092875646515,0.4245771055700463,0.4750586648625071,0.0,1990-12-20T23:28:47Z,s3://dea-public-data-dev/projects/WIT/Ramsar_WIT2_update_UID_result/248.csv,1990-12-20
248,0.0094629360917984,0.0054614405383992,0.0775208531776058,0.4440384837937204,0.4508929700088131,0.0,1991-02-06T23:29:47Z,s3://dea-public-data-dev/projects/WIT/Ramsar_WIT2_update_UID_result/248.csv,1991-02-06
248,0.0079851868996643,0.0116172451550301,0.0905008768572013,0.4245902361728076,0.4517558509075695,0.0,1991-03-10T23:30:32Z,s3://dea-public-data-dev/projects/WIT/Ramsar_WIT2_update_UID_result/248.csv,1991-03-10
248,0.0053277865966026,0.0123159450435163,0.1271173846406481,0.4223639772291861,0.4191585472658601,0.0242048195988712,1991-03-26T23:30:48Z,s3://dea-public-data-dev/projects/WIT/Ramsar_WIT2_update_UID_result/248.csv,1991-03-26
248,0.0069658960412345,0.0276677378864625,0.0819673203778053,0.4583649951483535,0.4111504633544907,0.0,1991-05-13T23:31:38Z,s3://dea-public-data-dev/projects/WIT/Ramsar_WIT2_update_UID_result/248.csv,1991-05-13
248,0.0083353339415182,0.2464397176741729,0.0864705430450857,0.4257358236904018,0.2221398185048254,0.0729794450428635,1991-06-30T23:32:23Z,s3://dea-public-data-dev/projects/WIT/Ramsar_WIT2_update_UID_result/248.csv,1991-06-30
248,0.0107982516268594,0.0329422342499532,0.0970833147872842,0.4577377974415355,0.3886877409131777,0.0,1991-09-02T23:32:59Z,s3://dea-public-data-dev/projects/WIT/Ramsar_WIT2_update_UID_result/248.csv,1991-09-02
248,0.0482672055406692,0.2669117712515467,0.0795002804162623,0.3306507437707529,0.2656257288597295,0.0,1991-10-04T23:33:14Z,s3://dea-public-data-dev/projects/WIT/Ramsar_WIT2_update_UID_result/248.csv,1991-10-04
248,0.0095475060756856,0.0171187451594811,0.0993396419573945,0.4010123917281654,0.460308457888599,0.0,1991-11-21T23:33:25Z,s3://dea-public-data-dev/projects/WIT/Ramsar_WIT2_update_UID_result/248.csv,1991-11-21
248,0.0081676800227893,0.0146929219374538,0.1072558375544141,0.3782239858278512,0.4786822216089662,0.0,1991-12-07T23:33:43Z,s3://dea-public-data-dev/projects/WIT/Ramsar_WIT2_update_UID_result/248.csv,1991-12-07
248,0.0097086495654981,0.0134829723474014,0.0947061257713488,0.3921608225295238,0.4774286857626177,0.0211825554378499,1992-01-08T23:33:28Z,s3://dea-public-data-dev/projects/WIT/Ramsar_WIT2_update_UID_result/248.csv,1992-01-08
248,0.0097433523541612,0.0068724239537802,0.0877442069561037,0.4210634898026404,0.4618579135249659,0.0,1992-01-24T23:33:31Z,s3://dea-public-data-dev/projects/WIT/Ramsar_WIT2_update_UID_result/248.csv,1992-01-24
248,0.0069302876269662,0.0110964720963563,0.0942434547283523,0.4206254172861047,0.4538004415443369,0.0,1992-02-25T23:33:26Z,s3://dea-public-data-dev/projects/WIT/Ramsar_WIT2_update_UID_result/248.csv,1992-02-25
248,0.0047982338226522,0.0125341618224386,0.0816672749770771,0.426576473520693,0.461622942501313,0.0,1992-03-12T23:33:24Z,s3://dea-public-data-dev/projects/WIT/Ramsar_WIT2_update_UID_result/248.csv,1992-03-12
248,0.0071261339054418,0.0453206092599681,0.0858805960848548,0.4828462250629824,0.3653393926984947,0.0,1992-07-02T23:32:23Z,s3://dea-public-data-dev/projects/WIT/Ramsar_WIT2_update_UID_result/248.csv,1992-07-02
248,0.0087552188582161,0.1259736675776486,0.0874300962317395,0.4392019264152119,0.3263354045560966,0.0,1992-08-19T23:31:42Z,s3://dea-public-data-dev/projects/WIT/Ramsar_WIT2_update_UID_result/248.csv,1992-08-19
248,0.1001664693367042,0.581204988738839,0.0404962922738643,0.1698455039925934,0.1039583203510989,0.0,1992-10-22T23:30:40Z,s3://dea-public-data-dev/projects/WIT/Ramsar_WIT2_update_UID_result/248.csv,1992-10-22
248,0.0182852100593166,0.4548796955287469,0.0655376154802597,0.261277914692788,0.1928304863429134,0.0012329413440396,1992-11-23T23:30:14Z,s3://dea-public-data-dev/projects/WIT/Ramsar_WIT2_update_UID_result/248.csv,1992-11-23
248,0.0117467450689039,0.4260856565583351,0.0685045437660255,0.2703367279448406,0.2156651203667629,0.017465927198597,1992-12-09T23:30:29Z,s3://dea-public-data-dev/projects/WIT/Ramsar_WIT2_update_UID_result/248.csv,1992-12-09
248,0.0098457265451826,0.3443734254404316,0.0525346514381348,0.3498304594375651,0.2341599084863753,0.0,1993-01-10T23:30:49Z,s3://dea-public-data-dev/projects/WIT/Ramsar_WIT2_update_UID_result/248.csv,1993-01-10
248,0.0099302965290698,0.0480535550550595,0.0607291267926611,0.516818165632539,0.3507437262425111,0.0,1993-02-11T23:31:10Z,s3://dea-public-data-dev/projects/WIT/Ramsar_WIT2_update_UID_result/248.csv,1993-02-11
248,0.00957030528997,0.0651140684410646,0.0685234320203772,0.4926589205950755,0.3507681162095314,0.0354036658862488,1993-03-15T23:31:24Z,s3://dea-public-data-dev/projects/WIT/Ramsar_WIT2_update_UID_result/248.csv,1993-03-15
248,0.0079969482268546,0.0334206376158952,0.0756642956498276,0.5030454462985621,0.3661091753234368,0.0432152617663553,1993-03-31T23:31:26Z,s3://dea-public-data-dev/projects/WIT/Ramsar_WIT2_update_UID_result/248.csv,1993-03-31
248,0.0111320805106246,0.0523710752850898,0.0666034468945011,0.4998690945670462,0.3564447223879002,0.0,1993-04-16T23:31:35Z,s3://dea-public-data-dev/projects/WIT/Ramsar_WIT2_update_UID_result/248.csv,1993-04-16
248,0.0108739195071795,0.1591117481060774,0.079262460719468,0.4300887984830815,0.3078188956050315,0.0,1993-05-18T23:31:43Z,s3://dea-public-data-dev/projects/WIT/Ramsar_WIT2_update_UID_result/248.csv,1993-05-18
248,0.0087863762207009,0.177801714545147,0.0733588972074101,0.4378317591446859,0.2894114819331808,0.0,1993-06-03T23:31:47Z,s3://dea-public-data-dev/projects/WIT/Ramsar_WIT2_update_UID_result/248.csv,1993-06-03
248,0.0179421897394354,0.1738402784577996,0.0889917922605111,0.3897583969091897,0.3181021605405357,0.0,1993-08-22T23:31:37Z,s3://dea-public-data-dev/projects/WIT/Ramsar_WIT2_update_UID_result/248.csv,1993-08-22
248,0.1226620850506974,0.4935726812245734,0.0513831643417339,0.180759438455307,0.1463348704298826,0.0,1993-09-23T23:31:32Z,s3://dea-public-data-dev/projects/WIT/Ramsar_WIT2_update_UID_result/248.csv,1993-09-23
248,0.0265578621790015,0.5194136680066673,0.0510703366640223,0.2214656071450855,0.1752496234033639,0.0012819029136584,1993-11-10T23:31:13Z,s3://dea-public-data-dev/projects/WIT/Ramsar_WIT2_update_UID_result/248.csv,1993-11-10
248,0.0149510829408989,0.3195721649025664,0.0713544550577301,0.3282817159694835,0.2565890254867224,0.0,1993-11-26T23:31:08Z,s3://dea-public-data-dev/projects/WIT/Ramsar_WIT2_update_UID_result/248.csv,1993-11-26
248,0.0097567055095118,0.021075730195045,0.0772365645001913,0.4839043736034824,0.3946642571639678,0.0,1994-03-02T23:30:01Z,s3://dea-public-data-dev/projects/WIT/Ramsar_WIT2_update_UID_result/248.csv,1994-03-02
248,0.0117018151389173,0.0230119377208834,0.0740609616052273,0.4903216330018783,0.3874731379024864,0.0,1994-03-18T23:29:47Z,s3://dea-public-data-dev/projects/WIT/Ramsar_WIT2_update_UID_result/248.csv,1994-03-18
248,0.011973329297713,0.0206795865863103,0.055153294223425,0.5205960848548511,0.3780434511675108,0.0,1994-04-03T23:29:31Z,s3://dea-public-data-dev/projects/WIT/Ramsar_WIT2_update_UID_result/248.csv,1994-04-03
248,0.0090623414312802,0.0298888127264472,0.0752076860762198,0.4953933839566289,0.3760905076869665,0.0,1994-05-05T23:28:56Z,s3://dea-public-data-dev/projects/WIT/Ramsar_WIT2_update_UID_result/248.csv,1994-05-05
248,0.0095440179379393,0.0668749916417404,0.0829154054981745,0.4855707019600676,0.3409083087786242,0.0015000044510518,1994-05-21T23:28:39Z,s3://dea-public-data-dev/projects/WIT/Ramsar_WIT2_update_UID_result/248.csv,1994-05-21
248,0.006048979373826,0.0195534704850756,0.1175723073362235,0.4746817497974771,0.3670991160211159,0.0,1994-06-22T23:27:58Z,s3://dea-public-data-dev/projects/WIT/Ramsar_WIT2_update_UID_result/248.csv,1994-06-22
248,0.0073397843910516,0.1531873981821904,0.0871683743868676,0.4657011741874604,0.2745201321072169,0.0,1994-07-08T23:27:33Z,s3://dea-public-data-dev/projects/WIT/Ramsar_WIT2_update_UID_result/248.csv,1994-07-08
248,0.0089636784746036,0.022272294737598,0.1044242508573173,0.4637085031509776,0.3867446630877785,0.0083590752494814,1994-08-09T23:26:41Z,s3://dea-public-data-dev/projects/WIT/Ramsar_WIT2_update_UID_result/248.csv,1994-08-09
248,0.0102774785681856,0.0083368199905637,0.0926404974495473,0.4523782414784613,0.4234367461031041,0.0,1994-08-25T23:26:18Z,s3://dea-public-data-dev/projects/WIT/Ramsar_WIT2_update_UID_result/248.csv,1994-08-25
248,0.0089835113910201,0.0072021809994438,0.0885087913628081,0.3918909681123775,0.4915714589276753,0.0155030133620575,1994-10-12T23:24:58Z,s3://dea-public-data-dev/projects/WIT/Ramsar_WIT2_update_UID_result/248.csv,1994-10-12
248,0.0060311751666918,0.0043620307478657,0.0970627064175264,0.3707707886373551,0.5097590645669572,0.0,1994-11-13T23:23:51Z,s3://dea-public-data-dev/projects/WIT/Ramsar_WIT2_update_UID_result/248.csv,1994-11-13
248,0.0067121860895729,0.0025014911023474,0.1078856613817845,0.3417847827441624,0.529399018988187,0.0,1994-12-15T23:22:52Z,s3://dea-public-data-dev/projects/WIT/Ramsar_WIT2_update_UID_result/248.csv,1994-12-15
248,0.0048806314978821,0.0018434732383519,0.1579606276472853,0.3651887273777436,0.4580344628417405,0.0752494814524672,1995-02-01T23:21:07Z,s3://dea-public-data-dev/projects/WIT/Ramsar_WIT2_update_UID_result/248.csv,1995-02-01
248,0.0067032839860058,0.0025192953094816,0.0667181504989629,0.4241631132436594,0.4885741945821798,0.0,1995-02-17T23:20:28Z,s3://dea-public-data-dev/projects/WIT/Ramsar_WIT2_update_UID_result/248.csv,1995-02-17
248,0.0070565785522632,0.0017968364055522,0.0643302788728847,0.4249026996135107,0.4908177300773946,0.080973534046095,1995-02-24T23:26:22Z,s3://dea-public-data-dev/projects/WIT/Ramsar_WIT2_update_UID_result/248.csv,1995-02-24
248,0.0062670809112193,0.0031157362484755,0.0654270784186303,0.4064287431119975,0.5074093988409462,0.0,1995-03-05T23:19:50Z,s3://dea-public-data-dev/projects/WIT/Ramsar_WIT2_update_UID_result/248.csv,1995-03-05
248,0.0065469782058369,0.0060862649246855,0.0853478142792019,0.4097291975829525,0.4802518404283178,0.0821842201312169,1995-03-12T23:25:44Z,s3://dea-public-data-dev/projects/WIT/Ramsar_WIT2_update_UID_result/248.csv,1995-03-12
248,0.0085446976724672,0.0515665279066189,0.0936169290365888,0.4395522541126894,0.393374852577161,0.0451648224475443,1995-04-06T23:18:32Z,s3://dea-public-data-dev/projects/WIT/Ramsar_WIT2_update_UID_result/248.csv,1995-04-06
248,0.0065628749439842,0.0061340233507283,0.0804945767138403,0.4291905787569086,0.4651530132847623,0.076268772310897,1995-04-13T23:24:25Z,s3://dea-public-data-dev/projects/WIT/Ramsar_WIT2_update_UID_result/248.csv,1995-04-13
248,0.0049210708250115,0.0549047472730066,0.0926643877707789,0.5119984348594256,0.32393733676448,0.07289932611076,1995-05-31T23:22:15Z,s3://dea-public-data-dev/projects/WIT/Ramsar_WIT2_update_UID_result/248.csv,1995-05-31
248,0.0051731418918918,0.040295800061425,0.0824308008292383,0.5246189726658476,0.335739788083538,0.0724720251395404,1995-06-16T23:21:31Z,s3://dea-public-data-dev/projects/WIT/Ramsar_WIT2_update_UID_result/248.csv,1995-06-16
248,0.0071184180004639,0.1567066805845511,0.1175357129049717,0.4683717041676331,0.2399446184180004,0.0789527565363695,1995-07-18T23:20:04Z,s3://dea-public-data-dev/projects/WIT/Ramsar_WIT2_update_UID_result/248.csv,1995-07-18
248,0.0348784417757916,0.423192650423295,0.0704231169825429,0.2627729607506254,0.201021427363286,0.0,1995-08-12T23:12:47Z,s3://dea-public-data-dev/projects/WIT/Ramsar_WIT2_update_UID_result/248.csv,1995-08-12
248,0.0140875788948928,0.2338671628105721,0.1010181780954839,0.3586219988783349,0.2815681500538577,0.0,1995-08-28T23:12:02Z,s3://dea-public-data-dev/projects/WIT/Ramsar_WIT2_update_UID_result/248.csv,1995-08-28
248,0.0102908317235362,0.0215608948394505,0.0646425360312642,0.4994710370060444,0.3913844106362333,0.0,1995-10-15T23:09:34Z,s3://dea-public-data-dev/projects/WIT/Ramsar_WIT2_update_UID_result/248.csv,1995-10-15
248,0.0016425021869009,0.0045320032012507,0.1132300526717415,0.4508737832455471,0.4169917083883936,0.0433977548894803,1995-11-16T23:08:44Z,s3://dea-public-data-dev/projects/WIT/Ramsar_WIT2_update_UID_result/248.csv,1995-11-16
248,0.0128902459651215,0.0082388968513259,0.0575900670328398,0.4772362529265664,0.4312409977477678,0.0,1995-12-02T23:09:21Z,s3://dea-public-data-dev/projects/WIT/Ramsar_WIT2_update_UID_result/248.csv,1995-12-02
248,0.0159697671583567,0.0181640863098866,0.0720209773159913,0.4658735078160898,0.4144057990041166,0.050688577710913,1996-01-19T23:12:51Z,s3://dea-public-data-dev/projects/WIT/Ramsar_WIT2_update_UID_result/248.csv,1996-01-19
248,0.0047204782416922,0.006029636720253,0.0901483243709939,0.4571953508450875,0.4278830109706542,0.051418550203413,1996-02-20T23:15:03Z,s3://dea-public-data-dev/projects/WIT/Ramsar_WIT2_update_UID_result/248.csv,1996-02-20
248,0.006663224519954,0.0076558090676826,0.0677755423606598,0.4804748382042677,0.4236343282917754,0.0,1996-03-23T23:17:09Z,s3://dea-public-data-dev/projects/WIT/Ramsar_WIT2_update_UID_result/248.csv,1996-03-23
248,0.0090837300401093,0.0259930310479751,0.0580361118423107,0.5060024449332328,0.3868841378264186,0.0023546063934908,1996-04-08T23:18:09Z,s3://dea-public-data-dev/projects/WIT/Ramsar_WIT2_update_UID_result/248.csv,1996-04-08
248,0.0075222775141766,0.0094451318846643,0.0493390633206626,0.5176028415514586,0.4028850827450527,0.0,1996-04-24T23:19:07Z,s3://dea-public-data-dev/projects/WIT/Ramsar_WIT2_update_UID_result/248.csv,1996-04-24
248,0.0047003106834144,0.1803121077510615,0.0855162329858545,0.4615111320805106,0.2565801678936732,0.0,1996-06-11T23:21:52Z,s3://dea-public-data-dev/projects/WIT/Ramsar_WIT2_update_UID_result/248.csv,1996-06-11
248,0.0158858038154415,0.4870741456206101,0.0409116199157861,0.2639952195703845,0.1852550452671966,0.0,1996-08-30T23:26:07Z,s3://dea-public-data-dev/projects/WIT/Ramsar_WIT2_update_UID_result/248.csv,1996-08-30
248,0.0404956691266146,0.2717500645402508,0.0833688675634052,0.3425098590797005,0.2524466986548922,0.0,1996-09-15T23:27:00Z,s3://dea-public-data-dev/projects/WIT/Ramsar_WIT2_update_UID_result/248.csv,1996-09-15
248,0.0315757613524075,0.5801189321036561,0.0373527814622595,0.1982079620414304,0.1474297401475968,0.0,1996-10-17T23:28:40Z,s3://dea-public-data-dev/projects/WIT/Ramsar_WIT2_update_UID_result/248.csv,1996-10-17
248,0.0123783750100148,0.2136994471793684,0.0553149119136852,0.4034625176929309,0.3045122537455602,0.0,1996-11-18T23:30:11Z,s3://dea-public-data-dev/projects/WIT/Ramsar_WIT2_update_UID_result/248.csv,1996-11-18
248,0.0102046355099603,0.0231911197959072,0.0799821780745083,0.4529761710904848,0.420265519549838,0.0159792759028958,1996-12-20T23:31:43Z,s3://dea-public-data-dev/projects/WIT/Ramsar_WIT2_update_UID_result/248.csv,1996-12-20
248,0.0119911335048471,0.0162240837509903,0.0758338155306098,0.4446327882278582,0.4378539253825678,0.0,1997-01-05T23:32:29Z,s3://dea-public-data-dev/projects/WIT/Ramsar_WIT2_update_UID_result/248.csv,1997-01-05
248,0.0105230816498963,0.0363075120977033,0.0618207523619325,0.4680839542207543,0.409318496044243,0.0728281092822233,1997-02-22T23:34:36Z,s3://dea-public-data-dev/projects/WIT/Ramsar_WIT2_update_UID_result/248.csv,1997-02-22
248,0.0099080412701521,0.0162374369063409,0.0653673898142131,0.4792042409621395,0.4147197172691907,0.0,1997-03-10T23:35:14Z,s3://dea-public-data-dev/projects/WIT/Ramsar_WIT2_update_UID_result/248.csv,1997-03-10
248,0.0099258454772862,0.0181157807589933,0.0586212867100495,0.4812381935851442,0.4177707797352515,0.0,1997-03-26T23:35:51Z,s3://dea-public-data-dev/projects/WIT/Ramsar_WIT2_update_UID_result/248.csv,1997-03-26
248,0.0106647200733533,0.0422894429953798,0.0716539218217265,0.472871462526595,0.3881186294321348,0.0,1997-04-11T23:36:26Z,s3://dea-public-data-dev/projects/WIT/Ramsar_WIT2_update_UID_result/248.csv,1997-04-11
248,0.0075890432909296,0.4535799809494983,0.0591874159863975,0.309915919631809,0.1615405090222819,0.0,1997-05-29T23:38:07Z,s3://dea-public-data-dev/projects/WIT/Ramsar_WIT2_update_UID_result/248.csv,1997-05-29
248,0.0060311751666918,0.498415425565061,0.0559921839530681,0.2819843679061362,0.1499173439683797,0.0,1997-06-14T23:38:39Z,s3://dea-public-data-dev/projects/WIT/Ramsar_WIT2_update_UID_result/248.csv,1997-06-14
248,0.009592016593521,0.0212404191110359,0.0563133273392502,0.5031482289264952,0.3969115041884399,0.0,1997-08-17T23:40:48Z,s3://dea-public-data-dev/projects/WIT/Ramsar_WIT2_update_UID_result/248.csv,1997-08-17
248,0.014273754134585,0.0541075929967106,0.0758347629962074,0.4992616992172309,0.3428205761655754,0.0270757479992522,1997-09-02T23:41:18Z,s3://dea-public-data-dev/projects/WIT/Ramsar_WIT2_update_UID_result/248.csv,1997-09-02
248,0.0083546241976979,0.0063694551022406,0.0680013442176386,0.4491745524467432,0.4558173021284931,0.0,1997-10-20T23:42:38Z,s3://dea-public-data-dev/projects/WIT/Ramsar_WIT2_update_UID_result/248.csv,1997-10-20
248,0.0075000222552589,0.0048649995994053,0.0647967649755637,0.3998004593485439,0.5113691435286156,0.0,1997-11-05T23:43:03Z,s3://dea-public-data-dev/projects/WIT/Ramsar_WIT2_update_UID_result/248.csv,1997-11-05
248,0.0072819207178656,0.0034940756500761,0.0748614387579785,0.3734106184291347,0.5293754284137342,0.0,1997-11-21T23:43:25Z,s3://dea-public-data-dev/projects/WIT/Ramsar_WIT2_update_UID_result/248.csv,1997-11-21
248,0.005553056853149,0.0043818828736957,0.0682832726965056,0.3886883296743423,0.5214825815702636,0.0004673604372713,1998-02-09T23:45:16Z,s3://dea-public-data-dev/projects/WIT/Ramsar_WIT2_update_UID_result/248.csv,1998-02-09
248,0.0049346866607581,0.0030641375655248,0.0843893325257311,0.3915933960709561,0.5039987440598932,0.0005919898872103,1998-02-25T23:45:32Z,s3://dea-public-data-dev/projects/WIT/Ramsar_WIT2_update_UID_result/248.csv,1998-02-25
248,0.0069792491965851,0.0073709417535363,0.0796696874471437,0.4371095314822891,0.4557833851139022,0.0,1998-04-14T23:46:13Z,s3://dea-public-data-dev/projects/WIT/Ramsar_WIT2_update_UID_result/248.csv,1998-04-14
248,0.0055193042115851,0.0059288009756705,0.0787404413662948,0.4544426392956656,0.4423428111062645,0.0,1998-04-30T23:46:24Z,s3://dea-public-data-dev/projects/WIT/Ramsar_WIT2_update_UID_result/248.csv,1998-04-30
248,0.0051854753278199,0.0310683414490844,0.1048331300686351,0.4707243641672529,0.3754577461654189,0.0,1998-06-17T23:47:08Z,s3://dea-public-data-dev/projects/WIT/Ramsar_WIT2_update_UID_result/248.csv,1998-06-17
248,0.0057641120596797,0.0060712346327437,0.0783077101118994,0.4762309828812549,0.422343745827139,0.0,1998-08-04T23:47:36Z,s3://dea-public-data-dev/projects/WIT/Ramsar_WIT2_update_UID_result/248.csv,1998-08-04
248,0.0061869619791156,0.0033293867340852,0.0641569707921981,0.3901782201134127,0.5248795100282196,0.0,1998-10-23T23:48:04Z,s3://dea-public-data-dev/projects/WIT/Ramsar_WIT2_update_UID_result/248.csv,1998-10-23
248,0.0061958640826827,0.0029644004878352,0.0715676604381615,0.3693557992753687,0.538579268781213,0.0,1998-11-08T23:48:13Z,s3://dea-public-data-dev/projects/WIT/Ramsar_WIT2_update_UID_result/248.csv,1998-11-08
248,0.006663224519954,0.003186953077012,0.078937222365645,0.3455171231962112,0.5542501313060277,0.0,1998-11-24T23:48:16Z,s3://dea-public-data-dev/projects/WIT/Ramsar_WIT2_update_UID_result/248.csv,1998-11-24
248,0.0064629271896949,0.0028753794521645,0.0670937747589755,0.3719245012596476,0.5401749263350929,0.0,1998-12-10T23:48:11Z,s3://dea-public-data-dev/projects/WIT/Ramsar_WIT2_update_UID_result/248.csv,1998-12-10
248,0.0069391897305333,0.0033872504072712,0.0707911744545236,0.4119577506164706,0.4950958311448994,0.0,1999-01-11T23:48:14Z,s3://dea-public-data-dev/projects/WIT/Ramsar_WIT2_update_UID_result/248.csv,1999-01-11
248,0.0055898552113421,0.0041068324001697,0.0631885446754918,0.4170583215832295,0.498005128977353,0.0245653547933376,1999-01-27T23:48:16Z,s3://dea-public-data-dev/projects/WIT/Ramsar_WIT2_update_UID_result/248.csv,1999-01-27
248,0.0100967775009026,0.0182143191473237,0.0511428749738107,0.4396113297879454,0.4682339331963321,0.0015000044510518,1999-02-12T23:48:27Z,s3://dea-public-data-dev/projects/WIT/Ramsar_WIT2_update_UID_result/248.csv,1999-02-12
248,0.0062818495120309,0.0062283490193805,0.0644345220845575,0.4364022256204943,0.4743979188308359,0.0016424381081249,1999-02-28T23:48:26Z,s3://dea-public-data-dev/projects/WIT/Ramsar_WIT2_update_UID_result/248.csv,1999-02-28
248,0.0047181148905486,0.0104154611734752,0.0776414321704218,0.4592078463140839,0.4354918857325985,0.0,1999-04-01T23:47:57Z,s3://dea-public-data-dev/projects/WIT/Ramsar_WIT2_update_UID_result/248.csv,1999-04-01
248,0.0061691577719815,0.0129258543793898,0.0773461048845842,0.4551414989361986,0.435669705251351,0.0,1999-04-17T23:47:58Z,s3://dea-public-data-dev/projects/WIT/Ramsar_WIT2_update_UID_result/248.csv,1999-04-17
248,0.0060400772702589,0.0106202095555179,0.077188537651447,0.456972261045285,0.43629770414749,0.0,1999-05-03T23:47:54Z,s3://dea-public-data-dev/projects/WIT/Ramsar_WIT2_update_UID_result/248.csv,1999-05-03
248,0.0016408923462423,0.0053714681077846,0.1324413766666043,0.4286408175477308,0.4186057557454605,0.0478844150872851,1999-05-19T23:47:35Z,s3://dea-public-data-dev/projects/WIT/Ramsar_WIT2_update_UID_result/248.csv,1999-05-19
248,0.0031958551805791,0.0263012649889168,0.1400501188430826,0.4661332822946062,0.351292006801207,0.0,1999-06-20T23:47:09Z,s3://dea-public-data-dev/projects/WIT/Ramsar_WIT2_update_UID_result/248.csv,1999-06-20
248,0.0032626209573322,0.0123783750100148,0.0533001878343852,0.5046996875361649,0.4140586470582999,0.0,1999-07-31T00:02:07Z,s3://dea-public-data-dev/projects/WIT/Ramsar_WIT2_update_UID_result/248.csv,1999-07-31
248,0.0068145602805943,0.0138739284092831,0.0917141890628755,0.4349774776779753,0.4400529675162241,0.0,1999-08-23T23:46:40Z,s3://dea-public-data-dev/projects/WIT/Ramsar_WIT2_update_UID_result/248.csv,1999-08-23
248,0.0060534573698617,0.0089422028353326,0.0771027084770658,0.4258553401731466,0.4699789019206373,4.451051783482818e-06,1999-09-24T23:45:44Z,s3://dea-public-data-dev/projects/WIT/Ramsar_WIT2_update_UID_result/248.csv,1999-09-24
248,0.0064062660830608,0.0089109347658796,0.0666875143981688,0.4063407819859916,0.5000303893264842,0.091900866174677,1999-10-19T00:02:08Z,s3://dea-public-data-dev/projects/WIT/Ramsar_WIT2_update_UID_result/248.csv,1999-10-19
248,0.0089596557086678,0.0064883505682592,0.0681304059799946,0.3563362666378504,0.5489220223357121,0.0526247852367514,1999-11-04T00:02:06Z,s3://dea-public-data-dev/projects/WIT/Ramsar_WIT2_update_UID_result/248.csv,1999-11-04
248,0.0085727257350912,0.0052077305867376,0.0681452022112825,0.3526155715595595,0.5543301612170957,0.0,1999-11-11T23:45:04Z,s3://dea-public-data-dev/projects/WIT/Ramsar_WIT2_update_UID_result/248.csv,1999-11-11
248,0.0050420018350748,0.0037280525936021,0.0646699537668029,0.3442443678345225,0.5708584765315303,0.0006765598710974,1999-11-27T23:44:30Z,s3://dea-public-data-dev/projects/WIT/Ramsar_WIT2_update_UID_result/248.csv,1999-11-27
248,0.0082478790824354,0.0027717493299199,0.0659637844002483,0.3413022890992295,0.5708822439620618,0.0750224778115068,1999-12-04T23:50:33Z,s3://dea-public-data-dev/projects/WIT/Ramsar_WIT2_update_UID_result/248.csv,1999-12-04
248,0.0103932059145576,0.0032848762162499,0.0762711758788601,0.3510191573268763,0.5482290600268843,0.0,1999-12-06T00:02:06Z,s3://dea-public-data-dev/projects/WIT/Ramsar_WIT2_update_UID_result/248.csv,1999-12-06
248,0.0077893406211887,0.0031424425591767,0.0677299635903964,0.3344686334380815,0.5757406105062627,0.0,1999-12-13T23:44:22Z,s3://dea-public-data-dev/projects/WIT/Ramsar_WIT2_update_UID_result/248.csv,1999-12-13
248,0.0106780732287039,0.0032492678019816,0.0813966955391559,0.3584651438134831,0.535713281048312,0.0,2000-01-07T00:02:04Z,s3://dea-public-data-dev/projects/WIT/Ramsar_WIT2_update_UID_result/248.csv,2000-01-07
248,0.0066543224163869,0.0054480873830486,0.0588584832595942,0.4513647814978679,0.4666536547586195,0.0,2000-04-28T00:01:33Z,s3://dea-public-data-dev/projects/WIT/Ramsar_WIT2_update_UID_result/248.csv,2000-04-28
248,0.0047448212012498,0.0208175691915999,0.0833229327089991,0.5178782726358239,0.3610512494102355,0.0,2000-05-30T00:01:10Z,s3://dea-public-data-dev/projects/WIT/Ramsar_WIT2_update_UID_result/248.csv,2000-05-30
248,0.0039302787248626,0.0167136994471793,0.064821557333998,0.5220731218786999,0.3818133584966128,0.0,2000-07-01T00:00:53Z,s3://dea-public-data-dev/projects/WIT/Ramsar_WIT2_update_UID_result/248.csv,2000-07-01
248,0.004032652915884,0.010686975332271,0.0610471544425948,0.4795104288143287,0.4340341217629727,0.0,2000-08-02T00:00:23Z,s3://dea-public-data-dev/projects/WIT/Ramsar_WIT2_update_UID_result/248.csv,2000-08-02
248,0.0119644271941459,0.0388487799667061,0.0837164056866637,0.3528172042053538,0.5018137590912733,0.0,2000-10-04T23:59:39Z,s3://dea-public-data-dev/projects/WIT/Ramsar_WIT2_update_UID_result/248.csv,2000-10-04
248,0.0103041848788868,0.0337345214674227,0.0700239466585954,0.3508409817239812,0.5242518227057053,0.0,2000-10-20T23:59:27Z,s3://dea-public-data-dev/projects/WIT/Ramsar_WIT2_update_UID_result/248.csv,2000-10-20
248,0.0125202054499717,0.0866897495002439,0.0894705932989641,0.3268729615211714,0.4737450622184388,0.0692761699589613,2000-11-05T23:59:34Z,s3://dea-public-data-dev/projects/WIT/Ramsar_WIT2_update_UID_result/248.csv,2000-11-05
248,0.0101172407039783,0.2951536948180855,0.0708999136495954,0.2826420553176716,0.3323206448683823,0.0,2000-11-21T23:59:32Z,s3://dea-public-data-dev/projects/WIT/Ramsar_WIT2_update_UID_result/248.csv,2000-11-21
248,0.0052344368974388,0.0814097371208816,0.0679878130202166,0.4261478372339384,0.4078215662361016,0.0,2000-12-07T23:59:34Z,s3://dea-public-data-dev/projects/WIT/Ramsar_WIT2_update_UID_result/248.csv,2000-12-07
248,0.008795278324268,0.016495597909786,0.0541651607274799,0.4800390802346594,0.4283105587850409,0.0,2001-01-08T23:59:41Z,s3://dea-public-data-dev/projects/WIT/Ramsar_WIT2_update_UID_result/248.csv,2001-01-08
248,0.007633553808765,0.0130905432953806,0.0629007949578485,0.4921898729669822,0.4109230146083519,0.0,2001-03-13T23:59:32Z,s3://dea-public-data-dev/projects/WIT/Ramsar_WIT2_update_UID_result/248.csv,2001-03-13
248,0.0083279178869966,0.0150401039765696,0.053109905370639,0.503651998967356,0.406883284520132,0.0,2001-03-29T23:59:23Z,s3://dea-public-data-dev/projects/WIT/Ramsar_WIT2_update_UID_result/248.csv,2001-03-29
248,0.0054792447455333,0.3205602983985116,0.0657018863557458,0.3705980878281538,0.2273599921661488,0.0,2001-07-03T23:58:36Z,s3://dea-public-data-dev/projects/WIT/Ramsar_WIT2_update_UID_result/248.csv,2001-07-03
248,0.0100415728236582,0.0082166415924082,0.0492545378472933,0.495299778337621,0.4251107421683743,0.0,2001-09-05T23:57:49Z,s3://dea-public-data-dev/projects/WIT/Ramsar_WIT2_update_UID_result/248.csv,2001-09-05
248,0.0117314942362067,0.0108071123033422,0.0527252501268759,0.4755702620894656,0.4371325128688466,0.017706283994908,2001-10-23T23:57:30Z,s3://dea-public-data-dev/projects/WIT/Ramsar_WIT2_update_UID_result/248.csv,2001-10-23
248,0.0107571535741078,0.0062962169113707,0.0508491855106633,0.4571521898331725,0.4637853659843533,0.0032136593877133,2001-11-08T23:57:40Z,s3://dea-public-data-dev/projects/WIT/Ramsar_WIT2_update_UID_result/248.csv,2001-11-08
248,0.0076552374061518,0.0039214109933496,0.0696979441623232,0.4232080536313248,0.4840564718913438,0.0034139567179725,2001-11-24T23:57:48Z,s3://dea-public-data-dev/projects/WIT/Ramsar_WIT2_update_UID_result/248.csv,2001-11-24
248,0.0084169389226674,0.002688435277256,0.083883943275796,0.4055130727390881,0.4875346069276169,0.0,2002-01-11T23:58:00Z,s3://dea-public-data-dev/projects/WIT/Ramsar_WIT2_update_UID_result/248.csv,2002-01-11
248,0.0073620396499692,0.0022700364096035,0.0794321793239742,0.3887357232514043,0.5114214878975905,0.0,2002-02-12T23:58:08Z,s3://dea-public-data-dev/projects/WIT/Ramsar_WIT2_update_UID_result/248.csv,2002-02-12
248,0.0065920076914174,0.0042997160228962,0.0813307754622417,0.417219650503414,0.4783855144970757,0.0,2002-03-16T23:58:03Z,s3://dea-public-data-dev/projects/WIT/Ramsar_WIT2_update_UID_result/248.csv,2002-03-16
248,0.0036463039736993,0.0045998828460242,0.1198792587513565,0.3898846623649664,0.4691178941345818,0.0197760230742524,2002-04-01T23:57:59Z,s3://dea-public-data-dev/projects/WIT/Ramsar_WIT2_update_UID_result/248.csv,2002-04-01
248,0.0059644093899388,0.0065742034842833,0.0654867670230475,0.4574876483313007,0.4528519669197832,0.0,2002-04-17T23:58:00Z,s3://dea-public-data-dev/projects/WIT/Ramsar_WIT2_update_UID_result/248.csv,2002-04-17
248,0.0055059510562345,0.0061780598755485,0.091831652319443,0.4299433826213135,0.4539793738260351,0.0,2002-05-03T23:58:05Z,s3://dea-public-data-dev/projects/WIT/Ramsar_WIT2_update_UID_result/248.csv,2002-05-03
248,0.0023469515040355,0.0020466525911176,0.1108202318307608,0.4346795348600838,0.4377821770285192,0.0365653904017518,2002-08-07T23:57:24Z,s3://dea-public-data-dev/projects/WIT/Ramsar_WIT2_update_UID_result/248.csv,2002-08-07
248,0.0067121860895729,0.0028175157789785,0.0803896895836486,0.4187967471713567,0.480483651286799,0.0,2002-08-23T23:57:17Z,s3://dea-public-data-dev/projects/WIT/Ramsar_WIT2_update_UID_result/248.csv,2002-08-23
248,0.0056430183719534,0.0121098698058039,0.084074402125775,0.4243912207015438,0.4618354810137432,0.0653058317680468,2002-09-08T23:57:11Z,s3://dea-public-data-dev/projects/WIT/Ramsar_WIT2_update_UID_result/248.csv,2002-09-08
248,0.0065333010701181,0.0077036656609103,0.094780173925067,0.3897289396101747,0.4897036557844159,0.0986575627820853,2002-09-24T23:57:00Z,s3://dea-public-data-dev/projects/WIT/Ramsar_WIT2_update_UID_result/248.csv,2002-09-24
248,0.0065430461217985,0.0032403656984145,0.1013393214816661,0.3284804554316184,0.5487995513339802,0.0,2002-10-10T23:56:49Z,s3://dea-public-data-dev/projects/WIT/Ramsar_WIT2_update_UID_result/248.csv,2002-10-10
248,0.0025605628785179,0.001954934093338,0.1348080245814036,0.2835266743854649,0.5649902030637692,0.0004718114890548,2002-11-11T23:57:06Z,s3://dea-public-data-dev/projects/WIT/Ramsar_WIT2_update_UID_result/248.csv,2002-11-11
248,0.0089644182920424,0.0016869486259603,0.1155158769017118,0.3156608031477838,0.5469853916480465,0.0,2002-11-27T23:57:27Z,s3://dea-public-data-dev/projects/WIT/Ramsar_WIT2_update_UID_result/248.csv,2002-11-27
248,0.0083371539725003,0.0017849432690724,0.1304158784280036,0.2914507894256579,0.5564399061680695,4.005946605178945e-05,2002-12-13T23:57:29Z,s3://dea-public-data-dev/projects/WIT/Ramsar_WIT2_update_UID_result/248.csv,2002-12-13
248,0.0082299947477588,0.0021676622185822,0.1301308609224359,0.3263552117365333,0.5214716512511907,0.0,2003-01-14T23:57:40Z,s3://dea-public-data-dev/projects/WIT/Ramsar_WIT2_update_UID_result/248.csv,2003-01-14
248,0.0059065457167528,0.004646898062012,0.1195280104688738,0.3458047056519456,0.5124150961872291,0.0,2003-04-04T23:57:59Z,s3://dea-public-data-dev/projects/WIT/Ramsar_WIT2_update_UID_result/248.csv,2003-04-04
248,0.0057017973347101,0.0078694595532924,0.1023560307300615,0.3669972314457906,0.5054990074154522,0.0,2003-04-20T23:57:58Z,s3://dea-public-data-dev/projects/WIT/Ramsar_WIT2_update_UID_result/248.csv,2003-04-20
248,0.0052923005706248,0.0156187407084294,0.1061176145923281,0.4135213605975092,0.4493833067753912,0.0,2003-05-22T23:57:55Z,s3://dea-public-data-dev/projects/WIT/Ramsar_WIT2_update_UID_result/248.csv,2003-05-22
248,0.0046290938548779,0.0158902548672251,0.0861432971611192,0.4190792999385754,0.4638661390686621,0.0,2003-07-17T23:45:41Z,s3://dea-public-data-dev/projects/WIT/Ramsar_WIT2_update_UID_result/248.csv,2003-07-17
248,0.0071973507339784,0.0169451541399232,0.0663342917931507,0.4391084988382754,0.4604870785966724,0.0,2003-08-02T23:45:59Z,s3://dea-public-data-dev/projects/WIT/Ramsar_WIT2_update_UID_result/248.csv,2003-08-02
248,0.0068902281609144,0.012280451870777,0.0720466381205879,0.4366088771776771,0.4612422440422671,0.0,2003-08-18T23:46:15Z,s3://dea-public-data-dev/projects/WIT/Ramsar_WIT2_update_UID_result/248.csv,2003-08-18
248,0.0117151682942679,0.0148353555945269,0.0790882465526604,0.4271756741117926,0.455500476262541,0.0,2003-09-03T23:46:32Z,s3://dea-public-data-dev/projects/WIT/Ramsar_WIT2_update_UID_result/248.csv,2003-09-03
248,0.0116929130353502,0.0137982605289629,0.0715431796533521,0.4435139273410306,0.4477894741527423,0.0,2003-09-19T23:46:48Z,s3://dea-public-data-dev/projects/WIT/Ramsar_WIT2_update_UID_result/248.csv,2003-09-19
248,0.0118467616018181,0.0236532585305183,0.0487127831389444,0.4715297891473283,0.4330969797021309,0.0050964542921492,2003-10-05T23:47:00Z,s3://dea-public-data-dev/projects/WIT/Ramsar_WIT2_update_UID_result/248.csv,2003-10-05
248,0.0077314769480028,0.0186810643355024,0.0617915483428734,0.390121424692655,0.5103173154816483,0.0,2003-11-06T23:47:17Z,s3://dea-public-data-dev/projects/WIT/Ramsar_WIT2_update_UID_result/248.csv,2003-11-06
248,0.0055504615740699,0.0135890610951367,0.0571645464823337,0.3628355870492196,0.5496966163104343,0.0,2003-12-08T23:47:44Z,s3://dea-public-data-dev/projects/WIT/Ramsar_WIT2_update_UID_result/248.csv,2003-12-08
248,0.0065074377075302,0.010629111659085,0.0585395653993038,0.3864196184558411,0.5265110875699925,0.0,2003-12-24T23:47:56Z,s3://dea-public-data-dev/projects/WIT/Ramsar_WIT2_update_UID_result/248.csv,2003-12-24
248,0.0053546152955943,0.0080742079353351,0.0637099961720954,0.390953815886694,0.5202099116021115,0.0,2004-01-09T23:48:00Z,s3://dea-public-data-dev/projects/WIT/Ramsar_WIT2_update_UID_result/248.csv,2004-01-09
248,0.0033093852026386,0.0059996525813649,0.0805650897720844,0.3820444250444296,0.5158779224365627,0.000681010922881,2004-01-25T23:48:04Z,s3://dea-public-data-dev/projects/WIT/Ramsar_WIT2_update_UID_result/248.csv,2004-01-25
248,0.0040682613301523,0.0065608503289327,0.0858119163558348,0.4023882563449744,0.4886771474099331,0.0,2004-02-26T23:48:13Z,s3://dea-public-data-dev/projects/WIT/Ramsar_WIT2_update_UID_result/248.csv,2004-02-26
248,0.0054792447455333,0.0080875610906857,0.1063580604096748,0.3912940542850274,0.4759941869263707,0.0,2004-03-13T23:48:19Z,s3://dea-public-data-dev/projects/WIT/Ramsar_WIT2_update_UID_result/248.csv,2004-03-13
248,0.0054213142060099,0.0189994267219782,0.0814821268163208,0.4247846144818154,0.4564485652250454,0.0139451452378196,2004-03-29T23:48:22Z,s3://dea-public-data-dev/projects/WIT/Ramsar_WIT2_update_UID_result/248.csv,2004-03-29
248,0.0041483802622559,0.0177864029270116,0.051721622319354,0.511424203039178,0.4028626939545814,0.0,2004-07-03T23:51:14Z,s3://dea-public-data-dev/projects/WIT/Ramsar_WIT2_update_UID_result/248.csv,2004-07-03
248,0.0058308778364327,0.0326306606251057,0.0512312944548796,0.5127921892943302,0.38575156009365,0.0,2004-07-19T23:51:40Z,s3://dea-public-data-dev/projects/WIT/Ramsar_WIT2_update_UID_result/248.csv,2004-07-19
248,0.0073798438571034,0.0095475060756856,0.0611951964249152,0.4879462401965583,0.4216215181647423,0.0,2004-09-05T23:52:49Z,s3://dea-public-data-dev/projects/WIT/Ramsar_WIT2_update_UID_result/248.csv,2004-09-05
248,0.0081053652978198,0.0321989086021026,0.0862242172825438,0.341023029741928,0.5209260858340826,0.0,2004-11-08T23:54:13Z,s3://dea-public-data-dev/projects/WIT/Ramsar_WIT2_update_UID_result/248.csv,2004-11-08
248,0.0064006124647254,0.0234703960545877,0.095658577621892,0.3402818405989335,0.52231267748569,0.0,2004-11-24T23:54:29Z,s3://dea-public-data-dev/projects/WIT/Ramsar_WIT2_update_UID_result/248.csv,2004-11-24
248,0.0047225659423321,0.0127522633598319,0.084386556043193,0.3930391781577987,0.4928696375953638,0.0,2005-01-11T23:55:17Z,s3://dea-public-data-dev/projects/WIT/Ramsar_WIT2_update_UID_result/248.csv,2005-01-11
248,0.0038271762629918,0.0106299938973332,0.0586237303851303,0.3810543421183349,0.5340652748801938,0.0591233208407147,2005-01-27T23:55:31Z,s3://dea-public-data-dev/projects/WIT/Ramsar_WIT2_update_UID_result/248.csv,2005-01-27
248,0.0067655987109754,0.0091513624669509,0.0493952801046887,0.4516198267650645,0.4725345179065813,0.0,2005-02-12T23:55:45Z,s3://dea-public-data-dev/projects/WIT/Ramsar_WIT2_update_UID_result/248.csv,2005-02-12
248,0.0031513446627438,0.0062136682898168,0.0516048712310719,0.4630173680040594,0.4645805773904374,0.0,2005-02-28T23:56:01Z,s3://dea-public-data-dev/projects/WIT/Ramsar_WIT2_update_UID_result/248.csv,2005-02-28
248,0.0064362208789937,0.009169166674085,0.0683738082308849,0.4457206252837545,0.4579778871747393,0.0,2005-03-16T23:56:12Z,s3://dea-public-data-dev/projects/WIT/Ramsar_WIT2_update_UID_result/248.csv,2005-03-16
248,0.0025422231084002,0.0168937749520784,0.2048951616192285,0.375961128003879,0.3871732835462427,0.017773049771661,2005-05-19T23:56:34Z,s3://dea-public-data-dev/projects/WIT/Ramsar_WIT2_update_UID_result/248.csv,2005-05-19
248,0.0050296885153961,0.0422182261668432,0.0666286398475959,0.4738860797806521,0.400176795776842,0.0,2005-07-22T23:57:04Z,s3://dea-public-data-dev/projects/WIT/Ramsar_WIT2_update_UID_result/248.csv,2005-07-22
248,0.0050163353600455,0.0211424959717981,0.0758341271042347,0.4706861741429499,0.4146217496194351,0.0,2005-08-07T23:57:12Z,s3://dea-public-data-dev/projects/WIT/Ramsar_WIT2_update_UID_result/248.csv,2005-08-07
248,0.0079243114668662,0.0204677971839518,0.0683476541098178,0.4737265644835835,0.4171865798956788,0.0007433256478506,2005-08-23T23:57:19Z,s3://dea-public-data-dev/projects/WIT/Ramsar_WIT2_update_UID_result/248.csv,2005-08-23
248,0.0038722384122485,0.0186705166252261,0.0517626482724202,0.3923237886444047,0.5223427710789686,0.001103860842317,2006-01-30T23:59:25Z,s3://dea-public-data-dev/projects/WIT/Ramsar_WIT2_update_UID_result/248.csv,2006-01-30
248,0.0045578770263413,0.0209956112629414,0.0609485636455894,0.3844094344493604,0.5176960465758059,0.0,2006-02-15T23:59:47Z,s3://dea-public-data-dev/projects/WIT/Ramsar_WIT2_update_UID_result/248.csv,2006-02-15
248,0.0029235589330438,0.0105990915064423,0.0687053966802845,0.3723396566008627,0.533610595282309,0.0651990065252419,2006-03-03T00:00:07Z,s3://dea-public-data-dev/projects/WIT/Ramsar_WIT2_update_UID_result/248.csv,2006-03-03
248,0.0086297274654238,0.0619005544084859,0.0717080908845356,0.43127518529879,0.4143151384189972,0.0277523078703497,2006-04-21T00:01:01Z,s3://dea-public-data-dev/projects/WIT/Ramsar_WIT2_update_UID_result/248.csv,2006-04-21
248,0.0058486820435668,0.0427122929148157,0.0653033836895658,0.4427343701316621,0.4320088932014635,0.0,2006-05-23T00:01:27Z,s3://dea-public-data-dev/projects/WIT/Ramsar_WIT2_update_UID_result/248.csv,2006-05-23
248,0.0059232701815873,0.2370515078634205,0.0950271352830205,0.3727285935250833,0.2787357282716567,0.0043264223335974,2006-06-24T00:01:57Z,s3://dea-public-data-dev/projects/WIT/Ramsar_WIT2_update_UID_result/248.csv,2006-06-24
248,0.0037658412381872,0.0152102594691321,0.0946011368745298,0.4048392840450298,0.4695176963378752,6.676577675301942e-05,2006-08-11T00:02:36Z,s3://dea-public-data-dev/projects/WIT/Ramsar_WIT2_update_UID_result/248.csv,2006-08-11
248,0.0075667880320119,0.0087596699099997,0.0879048899254894,0.3761048400737094,0.5080340594482476,0.0,2006-09-12T00:03:00Z,s3://dea-public-data-dev/projects/WIT/Ramsar_WIT2_update_UID_result/248.csv,2006-09-12
248,0.0056529615732147,0.0055416828020884,0.1144176781906962,0.3107544255567276,0.5514284188176853,2.225525891763613e-05,2006-10-30T00:03:31Z,s3://dea-public-data-dev/projects/WIT/Ramsar_WIT2_update_UID_result/248.csv,2006-10-30
248,0.0015344899174986,0.0016067012077338,0.1261587655479934,0.29255411333562,0.5659185727438485,0.0137715542182618,2006-12-01T00:03:47Z,s3://dea-public-data-dev/projects/WIT/Ramsar_WIT2_update_UID_result/248.csv,2006-12-01
248,0.0050038062761264,0.0038018243414697,0.1136568297058706,0.2748185229867915,0.5905461894946779,0.0001646889159908,2006-12-17T00:03:55Z,s3://dea-public-data-dev/projects/WIT/Ramsar_WIT2_update_UID_result/248.csv,2006-12-17
248,0.0035001313662535,0.0025471693912176,0.1036866714463202,0.2985133793189438,0.5795930763304729,0.0004584583337042,2007-02-03T00:04:12Z,s3://dea-public-data-dev/projects/WIT/Ramsar_WIT2_update_UID_result/248.csv,2007-02-03
248,0.0036854708767681,0.0038590618963261,0.0696242867189516,0.3399781453357429,0.5713413244549688,0.0,2007-02-19T00:04:12Z,s3://dea-public-data-dev/projects/WIT/Ramsar_WIT2_update_UID_result/248.csv,2007-02-19
248,0.0043308733853809,0.0035964498410974,0.0947278181834367,0.3316170671129588,0.5539819109255517,0.0,2007-04-08T00:04:04Z,s3://dea-public-data-dev/projects/WIT/Ramsar_WIT2_update_UID_result/248.csv,2007-04-08
248,0.0036009008928809,0.0080252463657162,0.0599160531633625,0.4493153392146564,0.4704281021605406,0.0,2007-05-26T00:03:37Z,s3://dea-public-data-dev/projects/WIT/Ramsar_WIT2_update_UID_result/248.csv,2007-05-26
248,0.0046068385959602,0.0286024587610052,0.0615454051792438,0.4753669447090348,0.4184438232754399,0.0,2007-07-13T00:02:54Z,s3://dea-public-data-dev/projects/WIT/Ramsar_WIT2_update_UID_result/248.csv,2007-07-13
248,0.0043847269400348,0.0303670323039039,0.0600036498836903,0.4794654623672658,0.4153948687501825,0.085371173208229,2007-07-20T00:09:02Z,s3://dea-public-data-dev/projects/WIT/Ramsar_WIT2_update_UID_result/248.csv,2007-07-20
248,0.0051187095510669,0.0086261383564936,0.0571391754871676,0.4565194555473458,0.4618401983388675,0.0,2007-08-14T00:02:37Z,s3://dea-public-data-dev/projects/WIT/Ramsar_WIT2_update_UID_result/248.csv,2007-08-14
248,0.0037615007766758,0.006304217947186,0.0763633409009439,0.4371702234436611,0.4646778348667703,0.0687286905895863,2007-08-21T00:08:44Z,s3://dea-public-data-dev/projects/WIT/Ramsar_WIT2_update_UID_result/248.csv,2007-08-21
248,0.0055193042115851,0.0039213766212956,0.0799960385639126,0.4194879064923041,0.4796181887780081,0.0,2007-08-30T00:02:27Z,s3://dea-public-data-dev/projects/WIT/Ramsar_WIT2_update_UID_result/248.csv,2007-08-30
248,0.0038587303215906,0.0035330802482078,0.1053002895162981,0.376748718589266,0.4987393327296168,0.0022210748399846,2007-09-15T00:02:20Z,s3://dea-public-data-dev/projects/WIT/Ramsar_WIT2_update_UID_result/248.csv,2007-09-15
248,0.0041780459980146,0.00327922286369,0.0884093793675643,0.3735052620662066,0.5195691081402756,0.0987198775070549,2007-09-22T00:08:27Z,s3://dea-public-data-dev/projects/WIT/Ramsar_WIT2_update_UID_result/248.csv,2007-09-22
248,0.0030037664783427,0.001487758945386,0.0625988700564971,0.2894501412429379,0.6324360169491525,0.054596601176858,2008-01-12T00:06:37Z,s3://dea-public-data-dev/projects/WIT/Ramsar_WIT2_update_UID_result/248.csv,2008-01-12
248,0.0032848762162499,0.0023100958756554,0.05730938370737,0.3350493176537616,0.5905257137261535,0.0,2008-01-21T00:00:15Z,s3://dea-public-data-dev/projects/WIT/Ramsar_WIT2_update_UID_result/248.csv,2008-01-21
248,0.0047679652626358,0.0020353924330192,0.0525616466558736,0.4220693156402362,0.5125590731711882,0.048730114926157,2008-01-28T00:06:18Z,s3://dea-public-data-dev/projects/WIT/Ramsar_WIT2_update_UID_result/248.csv,2008-01-28
248,0.0039354641265469,0.001654520762801,0.0718994472179185,0.3808887071785161,0.5304524110097358,0.0691782468197235,2008-02-13T00:06:02Z,s3://dea-public-data-dev/projects/WIT/Ramsar_WIT2_update_UID_result/248.csv,2008-02-13
248,0.0041947786670983,0.0031044218966494,0.0633869147664779,0.3907089699699556,0.527403998609676,0.0651767512663242,2008-02-29T00:05:44Z,s3://dea-public-data-dev/projects/WIT/Ramsar_WIT2_update_UID_result/248.csv,2008-02-29
248,0.0033249356823017,0.0037121771874693,0.0523555411143653,0.3784933634817907,0.5510294392564964,0.0,2008-03-08T23:59:23Z,s3://dea-public-data-dev/projects/WIT/Ramsar_WIT2_update_UID_result/248.csv,2008-03-08
248,0.0041503938866301,0.0053794804882502,0.1577419986907555,0.3290581010612004,0.4910817298057954,0.0004851646444055,2008-10-18T23:53:12Z,s3://dea-public-data-dev/projects/WIT/Ramsar_WIT2_update_UID_result/248.csv,2008-10-18
248,0.004224048142576,0.0049451185315089,0.1505016335360046,0.3133904106540375,0.5144413039801305,0.0,2008-11-03T23:52:39Z,s3://dea-public-data-dev/projects/WIT/Ramsar_WIT2_update_UID_result/248.csv,2008-11-03
248,0.0028308689343291,0.0009347208745426,0.1596489010353146,0.2889909910711901,0.5348949551779085,0.0,2008-12-05T23:53:11Z,s3://dea-public-data-dev/projects/WIT/Ramsar_WIT2_update_UID_result/248.csv,2008-12-05
248,0.0040460060712346,0.0013219623797103,0.1110654482654251,0.3506488298184861,0.5209517238923557,0.0,2009-01-22T23:54:30Z,s3://dea-public-data-dev/projects/WIT/Ramsar_WIT2_update_UID_result/248.csv,2009-01-22
248,0.0020405981001942,0.001715349931386,0.117784881752241,0.3392328153125055,0.526842508599027,0.000988133495945,2009-02-07T23:54:55Z,s3://dea-public-data-dev/projects/WIT/Ramsar_WIT2_update_UID_result/248.csv,2009-02-07
248,0.0041928907800913,0.0043486775925151,0.1101037540170742,0.3626949783233777,0.5066431502764104,0.0,2009-02-23T23:55:19Z,s3://dea-public-data-dev/projects/WIT/Ramsar_WIT2_update_UID_result/248.csv,2009-02-23
248,0.0036765687732011,0.0061335493577132,0.0862488315989068,0.3920614601230272,0.5002481016264143,0.0,2009-03-27T23:56:03Z,s3://dea-public-data-dev/projects/WIT/Ramsar_WIT2_update_UID_result/248.csv,2009-03-27
248,0.0037878450677895,0.0081365226603046,0.0916626458832222,0.3917695601470626,0.4925739987359013,0.0,2009-04-12T23:56:23Z,s3://dea-public-data-dev/projects/WIT/Ramsar_WIT2_update_UID_result/248.csv,2009-04-12
248,0.003787190631245,0.0053244266808278,0.0980463127297119,0.348897801752449,0.5318334101951359,0.0444882625764467,2009-10-21T23:59:24Z,s3://dea-public-data-dev/projects/WIT/Ramsar_WIT2_update_UID_result/248.csv,2009-10-21
248,0.0040282018641004,0.0050385906189632,0.0900891545672242,0.3164977344146422,0.5724825296217495,0.0,2009-11-06T23:59:32Z,s3://dea-public-data-dev/projects/WIT/Ramsar_WIT2_update_UID_result/248.csv,2009-11-06
248,0.0041038697444206,0.0102463212057009,0.0745640194778026,0.4432522500066767,0.4561809975697257,0.0,2010-03-30T00:00:09Z,s3://dea-public-data-dev/projects/WIT/Ramsar_WIT2_update_UID_result/248.csv,2010-03-30
248,0.0033471909412194,0.0131306027614325,0.1146702660838756,0.4301998967355986,0.4260807153730426,0.0,2010-05-01T00:00:03Z,s3://dea-public-data-dev/projects/WIT/Ramsar_WIT2_update_UID_result/248.csv,2010-05-01
248,0.0177908802226424,0.0754629464444999,0.062186418453634,0.5104034502444071,0.3219144485674529,0.0020029733025913,2010-09-06T23:59:28Z,s3://dea-public-data-dev/projects/WIT/Ramsar_WIT2_update_UID_result/248.csv,2010-09-06
248,0.0113926374736069,0.1196410538878178,0.077047232167447,0.4179616267327641,0.3626466079133388,0.0302938584387491,2010-10-08T23:59:15Z,s3://dea-public-data-dev/projects/WIT/Ramsar_WIT2_update_UID_result/248.csv,2010-10-08
248,0.0093561108489936,0.0548814684910044,0.0659943204579242,0.4446092866744412,0.4133578289549821,0.0,2010-10-24T23:59:06Z,s3://dea-public-data-dev/projects/WIT/Ramsar_WIT2_update_UID_result/248.csv,2010-10-24
248,0.0025014911023474,0.3873527814622595,0.0577713583719832,0.3033734076362245,0.2404799124033009,0.0,2010-12-27T23:59:08Z,s3://dea-public-data-dev/projects/WIT/Ramsar_WIT2_update_UID_result/248.csv,2010-12-27
248,0.0023857637559755,0.2599903857281476,0.0420717865631648,0.4033092234695059,0.2823553185617761,0.0,2011-01-28T23:59:10Z,s3://dea-public-data-dev/projects/WIT/Ramsar_WIT2_update_UID_result/248.csv,2011-01-28
248,0.0058442309917833,0.1464618589372668,0.0448314386689574,0.4693437369250354,0.3222389680681545,0.0,2011-02-13T23:59:13Z,s3://dea-public-data-dev/projects/WIT/Ramsar_WIT2_update_UID_result/248.csv,2011-02-13
248,0.0062359235487345,0.1437022068314742,0.0646330552909652,0.4485515387286015,0.3254083840011395,0.0,2011-03-01T23:59:11Z,s3://dea-public-data-dev/projects/WIT/Ramsar_WIT2_update_UID_result/248.csv,2011-03-01
248,0.007335333339268,0.0502523746361265,0.0556557734592684,0.5079571897839459,0.366236057080288,0.0,2011-04-02T23:59:03Z,s3://dea-public-data-dev/projects/WIT/Ramsar_WIT2_update_UID_result/248.csv,2011-04-02
248,0.0124673960456855,0.1424915207463523,0.0563121255552687,0.4234343425351412,0.3546679960474659,0.0,2011-08-24T23:57:59Z,s3://dea-public-data-dev/projects/WIT/Ramsar_WIT2_update_UID_result/248.csv,2011-08-24
248,0.0097038640652243,0.0549512117504157,0.0827488155907255,0.4509871048420714,0.389396388280063,0.0069391897305333,2011-09-25T23:57:33Z,s3://dea-public-data-dev/projects/WIT/Ramsar_WIT2_update_UID_result/248.csv,2011-09-25
248,0.0117190776715796,0.0477792964605918,0.0877764345384657,0.4601823241768273,0.3801456126240372,0.0979453944967195,2011-10-19T00:03:25Z,s3://dea-public-data-dev/projects/WIT/Ramsar_WIT2_update_UID_result/248.csv,2011-10-19
248,0.0125235671651997,0.0313577617786982,0.0768130354508777,0.4602710834546291,0.4066114568171383,0.0887183641494485,2011-11-04T00:03:10Z,s3://dea-public-data-dev/projects/WIT/Ramsar_WIT2_update_UID_result/248.csv,2011-11-04
248,0.0062937872219205,0.0076513580158991,0.0730329021747839,0.4623805560253888,0.4357094086332601,0.0,2013-03-26T00:10:28Z,s3://dea-public-data-dev/projects/WIT/Ramsar_WIT2_update_UID_result/248.csv,2013-03-26
248,0.0072418612518138,0.0291543891821637,0.0921530627687322,0.5251360686530226,0.3294085887495214,0.0,2013-07-29T00:11:13Z,s3://dea-public-data-dev/projects/WIT/Ramsar_WIT2_update_UID_result/248.csv,2013-07-29
248,0.0085346732235763,0.0110959660751193,0.073706970280094,0.5172501069061365,0.3736021577221867,0.0007566788032011,2013-08-14T00:11:14Z,s3://dea-public-data-dev/projects/WIT/Ramsar_WIT2_update_UID_result/248.csv,2013-08-14
248,0.0093739150561277,0.0083768794566155,0.0867983139415843,0.3821690865551529,0.5001811578075899,0.0,2013-11-18T00:10:54Z,s3://dea-public-data-dev/projects/WIT/Ramsar_WIT2_update_UID_result/248.csv,2013-11-18
248,0.0088976525152893,0.0048605485476218,0.0725210312196772,0.4153819002430273,0.4848648215573339,0.0,2014-01-05T00:10:35Z,s3://dea-public-data-dev/projects/WIT/Ramsar_WIT2_update_UID_result/248.csv,2014-01-05
248,0.0077448301033534,0.0074822180481247,0.0767345748800441,0.4177034353217666,0.4763652711135642,0.0,2014-01-21T00:10:22Z,s3://dea-public-data-dev/projects/WIT/Ramsar_WIT2_update_UID_result/248.csv,2014-01-21
248,0.0079139700711278,0.0135044911112495,0.0725712390837955,0.4566674085086306,0.434953174935237,0.0,2014-02-22T00:10:00Z,s3://dea-public-data-dev/projects/WIT/Ramsar_WIT2_update_UID_result/248.csv,2014-02-22
248,0.0049362164279419,0.0154362475853044,0.0622779592817783,0.4599453410840982,0.4427539547595097,0.0,2014-03-10T00:09:47Z,s3://dea-public-data-dev/projects/WIT/Ramsar_WIT2_update_UID_result/248.csv,2014-03-10
248,0.0053101047777589,0.030111365315624,0.0696729812254636,0.5071539084685712,0.3722406594678323,0.0,2014-04-27T00:09:03Z,s3://dea-public-data-dev/projects/WIT/Ramsar_WIT2_update_UID_result/248.csv,2014-04-27
248,0.0053056537259754,0.0846100433532443,0.0737245511114276,0.5001132792678911,0.3204272564607017,0.0,2014-05-13T00:08:48Z,s3://dea-public-data-dev/projects/WIT/Ramsar_WIT2_update_UID_result/248.csv,2014-05-13
248,0.0048659346149042,0.2216089767607189,0.0699659432611849,0.4551999692576687,0.2340462191736077,0.0733711375998148,2014-06-30T00:08:59Z,s3://dea-public-data-dev/projects/WIT/Ramsar_WIT2_update_UID_result/248.csv,2014-06-30
248,0.0066471446747997,0.5058098196242796,0.084300763415912,0.2720777823516204,0.1225634776588578,0.0484719539227119,2014-07-16T00:09:06Z,s3://dea-public-data-dev/projects/WIT/Ramsar_WIT2_update_UID_result/248.csv,2014-07-16
248,0.0095158371040723,0.267972850678733,0.0718362895927601,0.3963041628959277,0.2415504977375566,0.0163175558384446,2014-09-02T00:09:20Z,s3://dea-public-data-dev/projects/WIT/Ramsar_WIT2_update_UID_result/248.csv,2014-09-02
248,0.0101172407039783,0.1721711340389734,0.0654075383013006,0.4050210089644183,0.3345273428111062,0.0,2014-10-04T00:09:25Z,s3://dea-public-data-dev/projects/WIT/Ramsar_WIT2_update_UID_result/248.csv,2014-10-04
248,0.009774509716646,0.1218697978332279,0.0810870803770931,0.3972528108392013,0.3767703613363838,0.0,2014-11-05T00:09:27Z,s3://dea-public-data-dev/projects/WIT/Ramsar_WIT2_update_UID_result/248.csv,2014-11-05
248,0.0062937872219205,0.0109540384392832,0.0791554129240739,0.4485996100878637,0.4404459953887103,0.0,2015-02-09T00:09:07Z,s3://dea-public-data-dev/projects/WIT/Ramsar_WIT2_update_UID_result/248.csv,2015-02-09
248,0.0062181193416004,0.0092003240365698,0.0758190380386885,0.4555075979453946,0.4384792536476369,0.0,2015-02-25T00:09:02Z,s3://dea-public-data-dev/projects/WIT/Ramsar_WIT2_update_UID_result/248.csv,2015-02-25
248,0.0054170264664251,0.0114794669325475,0.0860919069535569,0.4489527378906979,0.4328209933144012,1.7804207134153316e-05,2015-03-13T00:08:50Z,s3://dea-public-data-dev/projects/WIT/Ramsar_WIT2_update_UID_result/248.csv,2015-03-13
248,0.0051054472941574,0.0278596291317623,0.0771095690414934,0.4825402159688778,0.3914734133943436,1.7804207134153316e-05,2015-05-16T00:08:15Z,s3://dea-public-data-dev/projects/WIT/Ramsar_WIT2_update_UID_result/248.csv,2015-05-16
248,0.0054970489526675,0.0990626084943872,0.0774754524494137,0.4786889426971593,0.3233171908521984,0.0,2015-06-01T00:08:21Z,s3://dea-public-data-dev/projects/WIT/Ramsar_WIT2_update_UID_result/248.csv,2015-06-01
248,0.0047314680458992,0.0313843661257155,0.0942539592105614,0.4783061522437751,0.375068145602806,0.0,2015-07-03T00:08:39Z,s3://dea-public-data-dev/projects/WIT/Ramsar_WIT2_update_UID_result/248.csv,2015-07-03
248,0.0063828082575912,0.0504304167074679,0.0812629859435784,0.4879686289870296,0.3580281840598933,0.0,2015-07-19T00:08:48Z,s3://dea-public-data-dev/projects/WIT/Ramsar_WIT2_update_UID_result/248.csv,2015-07-19
248,0.0058130736292986,0.0274273810901516,0.0901857869014448,0.4811363535203368,0.3793781880658399,0.0,2015-08-04T00:08:51Z,s3://dea-public-data-dev/projects/WIT/Ramsar_WIT2_update_UID_result/248.csv,2015-08-04
248,0.0067726658251192,0.0370907528267934,0.1086110439663739,0.4076904000931073,0.4254730122919632,0.0056439336615242,2015-10-07T00:09:15Z,s3://dea-public-data-dev/projects/WIT/Ramsar_WIT2_update_UID_result/248.csv,2015-10-07
248,0.0097967649755637,0.0586381561963091,0.0948446582927546,0.3792569859257741,0.4439925044287964,0.0,2015-10-23T00:09:18Z,s3://dea-public-data-dev/projects/WIT/Ramsar_WIT2_update_UID_result/248.csv,2015-10-23
248,0.0064673782414784,0.0601159053884432,0.0952768554209359,0.3656804767966671,0.4591942706061441,0.0,2015-11-24T00:09:23Z,s3://dea-public-data-dev/projects/WIT/Ramsar_WIT2_update_UID_result/248.csv,2015-11-24
248,0.00635610194689,0.009774509716646,0.0782639117623494,0.4278397265273784,0.4637152039026824,0.0,2016-02-12T00:09:12Z,s3://dea-public-data-dev/projects/WIT/Ramsar_WIT2_update_UID_result/248.csv,2016-02-12
248,0.0064851824486126,0.0088397888421033,0.0868531508995576,0.4371461191279499,0.4461702705349273,0.0,2016-02-28T00:09:07Z,s3://dea-public-data-dev/projects/WIT/Ramsar_WIT2_update_UID_result/248.csv,2016-02-28
248,0.005547658620705,0.0131004950561226,0.0754861219415468,0.4648553375605452,0.4259376879854201,0.0010994097905334,2016-03-31T00:08:53Z,s3://dea-public-data-dev/projects/WIT/Ramsar_WIT2_update_UID_result/248.csv,2016-03-31
248,0.0322392316776968,0.3413106936738195,0.0725919290505158,0.3578608641397598,0.185188403859438,0.0012507455511737,2016-09-23T00:09:28Z,s3://dea-public-data-dev/projects/WIT/Ramsar_WIT2_update_UID_result/248.csv,2016-09-23
248,0.0112030718243857,0.6708702314559093,0.0341960069846586,0.1765337740320368,0.1015368030932059,0.0007744830103353,2016-10-25T00:09:35Z,s3://dea-public-data-dev/projects/WIT/Ramsar_WIT2_update_UID_result/248.csv,2016-10-25
248,0.0080608547799845,0.2547559488307087,0.0706264855385327,0.3664390695521353,0.2877130941041367,0.0,2016-11-10T00:09:33Z,s3://dea-public-data-dev/projects/WIT/Ramsar_WIT2_update_UID_result/248.csv,2016-11-10
248,0.0074190587375569,0.0756788550142143,0.094907495700065,0.4496174617461747,0.3577296343495735,0.0010860566351829,2016-11-26T00:09:34Z,s3://dea-public-data-dev/projects/WIT/Ramsar_WIT2_update_UID_result/248.csv,2016-11-26
248,0.0082567010584601,0.0094896424024997,0.0680417597678331,0.4865251974041467,0.4130413591731725,0.0,2017-01-29T00:09:18Z,s3://dea-public-data-dev/projects/WIT/Ramsar_WIT2_update_UID_result/248.csv,2017-01-29
248,0.0070771723358229,0.0118041893299386,0.0679471304069151,0.4945024169211184,0.4036868507028211,0.0,2017-02-14T00:09:10Z,s3://dea-public-data-dev/projects/WIT/Ramsar_WIT2_update_UID_result/248.csv,2017-02-14
248,0.0051721221724693,0.0137047884415087,0.0788940471633447,0.4779196229068929,0.4088627562693064,0.0,2017-03-02T00:09:05Z,s3://dea-public-data-dev/projects/WIT/Ramsar_WIT2_update_UID_result/248.csv,2017-03-02
248,0.005136513758201,0.017158804625533,0.0715842183507963,0.4864219775132865,0.4040379496675064,0.0,2017-03-18T00:08:55Z,s3://dea-public-data-dev/projects/WIT/Ramsar_WIT2_update_UID_result/248.csv,2017-03-18
248,0.0042596565568443,0.0210979854539627,0.076841400122849,0.4906202985765535,0.3911765020074242,0.0,2017-04-03T00:08:47Z,s3://dea-public-data-dev/projects/WIT/Ramsar_WIT2_update_UID_result/248.csv,2017-04-03
248,0.0040460060712346,0.1156917379576794,0.0658274060160416,0.5117528241923567,0.2861708046611415,0.0,2017-06-06T00:08:52Z,s3://dea-public-data-dev/projects/WIT/Ramsar_WIT2_update_UID_result/248.csv,2017-06-06
248,0.008612785201143,0.0689556942305466,0.0729948011715168,0.5161446324766542,0.3169229433915233,0.0,2017-08-09T00:09:15Z,s3://dea-public-data-dev/projects/WIT/Ramsar_WIT2_update_UID_result/248.csv,2017-08-09
248,0.0093116003311582,0.0336989130531544,0.0712383716272155,0.5161474811497956,0.3535615090845967,0.0,2017-08-25T00:09:19Z,s3://dea-public-data-dev/projects/WIT/Ramsar_WIT2_update_UID_result/248.csv,2017-08-25
248,0.0090670047634141,0.0229688525395202,0.0689053076129804,0.5118387582087419,0.3717804543770284,0.0029688515396187,2017-09-10T00:09:20Z,s3://dea-public-data-dev/projects/WIT/Ramsar_WIT2_update_UID_result/248.csv,2017-09-10
248,0.0090979498455485,0.0119332698316612,0.0741828759135783,0.4888388096107109,0.4010795135890611,0.0,2017-09-26T00:09:26Z,s3://dea-public-data-dev/projects/WIT/Ramsar_WIT2_update_UID_result/248.csv,2017-09-26
248,0.0075534348766613,0.0074065501678046,0.0885216276606161,0.383492517781952,0.4995443903394372,0.0,2017-11-13T00:09:29Z,s3://dea-public-data-dev/projects/WIT/Ramsar_WIT2_update_UID_result/248.csv,2017-11-13
248,0.0068724239537802,0.0079762847960973,0.0739568515040104,0.3908023465945003,0.50723803334728,0.0,2017-11-29T00:09:23Z,s3://dea-public-data-dev/projects/WIT/Ramsar_WIT2_update_UID_result/248.csv,2017-11-29
248,0.008497057854771,0.0059377030792376,0.0838263021551992,0.4241249677298745,0.4640240178754239,0.0,2017-12-15T00:09:24Z,s3://dea-public-data-dev/projects/WIT/Ramsar_WIT2_update_UID_result/248.csv,2017-12-15
248,0.0075000222552589,0.0066009097949845,0.076983611227333,0.4539171481221012,0.4407501357570793,0.0,2017-12-31T00:09:23Z,s3://dea-public-data-dev/projects/WIT/Ramsar_WIT2_update_UID_result/248.csv,2017-12-31
248,0.0066810287270882,0.0076869664301674,0.0793118228837474,0.4557885483339713,0.436545627731833,0.0,2018-01-16T00:09:16Z,s3://dea-public-data-dev/projects/WIT/Ramsar_WIT2_update_UID_result/248.csv,2018-01-16
248,0.0056528357650912,0.0111053741999234,0.0765654794227876,0.4705783696687527,0.4215949453855945,0.0,2018-02-01T00:09:07Z,s3://dea-public-data-dev/projects/WIT/Ramsar_WIT2_update_UID_result/248.csv,2018-02-01
248,0.0059510562345882,0.0120445461262496,0.0744358736969546,0.4747184264641735,0.418130469229879,0.0,2018-02-17T00:09:01Z,s3://dea-public-data-dev/projects/WIT/Ramsar_WIT2_update_UID_result/248.csv,2018-02-17
248,0.0045089154567224,0.0162196326992068,0.0845137225926486,0.4775425743103094,0.4016827201267659,0.0,2018-03-05T00:08:54Z,s3://dea-public-data-dev/projects/WIT/Ramsar_WIT2_update_UID_result/248.csv,2018-03-05
248,0.0033293867340852,0.0157211148994507,0.0765751827156757,0.477827931240152,0.4108240677272038,0.0,2018-03-21T00:08:45Z,s3://dea-public-data-dev/projects/WIT/Ramsar_WIT2_update_UID_result/248.csv,2018-03-21
248,0.0048649995994053,0.0277567589221333,0.0767064442327722,0.4856905361736979,0.3892791521636563,0.0,2018-04-06T00:08:38Z,s3://dea-public-data-dev/projects/WIT/Ramsar_WIT2_update_UID_result/248.csv,2018-04-06
248,0.0039925934498321,0.0416707467974682,0.0731197867055985,0.5007777767886551,0.3638088540322078,0.0,2018-05-08T00:08:20Z,s3://dea-public-data-dev/projects/WIT/Ramsar_WIT2_update_UID_result/248.csv,2018-05-08
248,0.0033204846305181,0.0452894518974833,0.0687091949827744,0.5156617823791763,0.3502545556515004,0.0,2018-05-24T00:08:08Z,s3://dea-public-data-dev/projects/WIT/Ramsar_WIT2_update_UID_result/248.csv,2018-05-24
248,0.0039124745177285,0.1060952703123748,0.0786327259131332,0.4949132044902209,0.3000551930421157,0.0,2018-06-25T00:08:14Z,s3://dea-public-data-dev/projects/WIT/Ramsar_WIT2_update_UID_result/248.csv,2018-06-25
248,0.0071750954750607,0.1734441348490648,0.0734568648571657,0.4355545120311929,0.2961459232816715,0.0,2018-08-12T00:08:38Z,s3://dea-public-data-dev/projects/WIT/Ramsar_WIT2_update_UID_result/248.csv,2018-08-12
248,0.0087596699099997,0.1146546428921154,0.0833209742462143,0.4293553541701904,0.349920237152039,0.0,2018-08-28T00:08:45Z,s3://dea-public-data-dev/projects/WIT/Ramsar_WIT2_update_UID_result/248.csv,2018-08-28
248,0.0081854842299235,0.0985373843839299,0.0901958907889934,0.4186544915563548,0.3704654019744864,0.0,2018-09-13T00:08:51Z,s3://dea-public-data-dev/projects/WIT/Ramsar_WIT2_update_UID_result/248.csv,2018-09-13
248,0.0090165576786462,0.0879433140858667,0.1002685841272154,0.4086132716442923,0.3802453596604674,0.0225668325425297,2018-09-29T00:08:57Z,s3://dea-public-data-dev/projects/WIT/Ramsar_WIT2_update_UID_result/248.csv,2018-09-29
248,0.008065305831768,0.0413413689654865,0.1064061762794548,0.3849324330339259,0.4453253273748587,0.0,2018-10-31T00:09:08Z,s3://dea-public-data-dev/projects/WIT/Ramsar_WIT2_update_UID_result/248.csv,2018-10-31
248,0.0073309475483388,0.0236887084713171,0.1078713545561371,0.4004711480254959,0.4465574813944379,8.902103567076658e-06,2018-11-16T00:09:10Z,s3://dea-public-data-dev/projects/WIT/Ramsar_WIT2_update_UID_result/248.csv,2018-11-16
248,0.0057374312865822,0.0076068813566866,0.1028574099214385,0.3973472503505219,0.4724627779137826,4.451051783482818e-06,2018-12-18T00:09:06Z,s3://dea-public-data-dev/projects/WIT/Ramsar_WIT2_update_UID_result/248.csv,2018-12-18
248,0.0077582523234697,0.0041439661004878,0.1121059893885981,0.3942114891571414,0.4679535662144358,8.902103567076658e-06,2019-01-03T00:09:06Z,s3://dea-public-data-dev/projects/WIT/Ramsar_WIT2_update_UID_result/248.csv,2019-01-03
248,0.0064896335003961,0.0052121816385211,0.1039205309214567,0.4139559612936537,0.4561889204419004,0.0,2019-01-19T00:09:03Z,s3://dea-public-data-dev/projects/WIT/Ramsar_WIT2_update_UID_result/248.csv,2019-01-19
248,0.0023724106006249,0.0037655898088718,0.0952727159427773,0.4082654696304736,0.4757233404253425,0.0,2019-02-04T00:09:00Z,s3://dea-public-data-dev/projects/WIT/Ramsar_WIT2_update_UID_result/248.csv,2019-02-04
248,0.0051142584992833,0.0104065590699082,0.095574497253701,0.4411770806441562,0.4329378722192054,0.0,2019-02-20T00:08:57Z,s3://dea-public-data-dev/projects/WIT/Ramsar_WIT2_update_UID_result/248.csv,2019-02-20
248,0.0041261984670304,0.0403851118569228,0.0805633351434599,0.4693275231236257,0.389813542121053,1.7804207134153316e-05,2019-04-25T00:08:37Z,s3://dea-public-data-dev/projects/WIT/Ramsar_WIT2_update_UID_result/248.csv,2019-04-25
248,0.0039124745177285,0.0805729393855768,0.0662348998068243,0.5026919070976472,0.3309415309837715,0.0,2019-06-28T00:09:07Z,s3://dea-public-data-dev/projects/WIT/Ramsar_WIT2_update_UID_result/248.csv,2019-06-28
248,0.0071127807500912,0.1940391514514879,0.0684744020011929,0.4622370986264055,0.2534723545173725,0.0,2019-07-30T00:09:16Z,s3://dea-public-data-dev/projects/WIT/Ramsar_WIT2_update_UID_result/248.csv,2019-07-30
248,0.0073620396499692,0.0591411250478488,0.074811008341271,0.5039879643559774,0.3392101163504937,0.0,2019-08-15T00:09:22Z,s3://dea-public-data-dev/projects/WIT/Ramsar_WIT2_update_UID_result/248.csv,2019-08-15
248,0.0083546241976979,0.0349808159668129,0.0854780429615518,0.4796137377262248,0.3764806423757934,0.0,2019-08-31T00:09:26Z,s3://dea-public-data-dev/projects/WIT/Ramsar_WIT2_update_UID_result/248.csv,2019-08-31
248,0.0096016388697143,0.0211538889754837,0.1021275022823933,0.4173053508205482,0.4354246587543698,0.0005385772658078,2019-10-02T00:09:35Z,s3://dea-public-data-dev/projects/WIT/Ramsar_WIT2_update_UID_result/248.csv,2019-10-02
248,0.0090698195086863,0.0166057724828154,0.1007085320135094,0.4023411947962863,0.4571428163123372,0.0656040522375437,2019-10-18T00:09:37Z,s3://dea-public-data-dev/projects/WIT/Ramsar_WIT2_update_UID_result/248.csv,2019-10-18
248,0.0076782010308819,0.0078651485342425,0.1097867018009276,0.3595590264486206,0.5014548076666281,1.7804207134153316e-05,2019-11-19T00:09:34Z,s3://dea-public-data-dev/projects/WIT/Ramsar_WIT2_update_UID_result/248.csv,2019-11-19
248,0.0073087571551931,0.007206381141448,0.1049752962227702,0.3722685189306603,0.4946582421593326,1.7804207134153316e-05,2019-12-05T00:09:33Z,s3://dea-public-data-dev/projects/WIT/Ramsar_WIT2_update_UID_result/248.csv,2019-12-05
248,0.0048725737344224,0.0060662206821603,0.0943329384202884,0.3849647250603504,0.4962789392576228,0.0006409514568292,2020-01-22T00:09:22Z,s3://dea-public-data-dev/projects/WIT/Ramsar_WIT2_update_UID_result/248.csv,2020-01-22
248,0.006267477909709,0.0331912764569764,0.0429743940246767,0.2722047852618224,0.6366833293128555,0.0036142540482315,2020-02-07T00:09:17Z,s3://dea-public-data-dev/projects/WIT/Ramsar_WIT2_update_UID_result/248.csv,2020-02-07
248,0.0031735999216614,0.0071305849572253,0.1029167297232335,0.3820557182662262,0.4907646906964115,0.0,2020-02-23T00:09:14Z,s3://dea-public-data-dev/projects/WIT/Ramsar_WIT2_update_UID_result/248.csv,2020-02-23
248,0.0036009008928809,0.0119288187798776,0.113546286487497,0.4048816465330758,0.4514323039534242,0.0,2020-03-26T00:08:59Z,s3://dea-public-data-dev/projects/WIT/Ramsar_WIT2_update_UID_result/248.csv,2020-03-26
248,0.004406541265701,0.0304407431476057,0.0791025789394034,0.4634392386921029,0.4077415808355515,0.0,2020-04-27T00:08:44Z,s3://dea-public-data-dev/projects/WIT/Ramsar_WIT2_update_UID_result/248.csv,2020-04-27
248,0.0052267910886328,0.0884369490499172,0.0894032821042509,0.4634933129129343,0.3378898277919256,0.0002403567963109,2020-06-14T00:08:52Z,s3://dea-public-data-dev/projects/WIT/Ramsar_WIT2_update_UID_result/248.csv,2020-06-14
248,0.0053546152955943,0.0569245012596476,0.0915786990465847,0.4648385158412932,0.3660981189855163,0.0,2020-06-30T00:09:00Z,s3://dea-public-data-dev/projects/WIT/Ramsar_WIT2_update_UID_result/248.csv,2020-06-30
248,0.0056636080256399,0.0608654929680525,0.105328377066534,0.4117413277526549,0.4021095354475518,0.0875655417375125,2020-08-01T00:09:11Z,s3://dea-public-data-dev/projects/WIT/Ramsar_WIT2_update_UID_result/248.csv,2020-08-01
248,0.0082388968513259,0.0408027916996786,0.0838173555411143,0.4563930901872113,0.3964016362066355,0.0,2020-08-17T00:09:15Z,s3://dea-public-data-dev/projects/WIT/Ramsar_WIT2_update_UID_result/248.csv,2020-08-17
248,0.0090267330170119,0.010878370558963,0.0980908103584877,0.3878933171908523,0.4804991409470057,0.0,2020-10-20T00:09:34Z,s3://dea-public-data-dev/projects/WIT/Ramsar_WIT2_update_UID_result/248.csv,2020-10-20
248,0.0085860788904418,0.004580132285259,0.0905645268977059,0.3971735376069365,0.4859867091593743,0.0,2020-12-23T00:09:33Z,s3://dea-public-data-dev/projects/WIT/Ramsar_WIT2_update_UID_result/248.csv,2020-12-23
248,0.0073397843910516,0.0034629182875913,0.0900322701254306,0.3947917797975661,0.4913053154460398,0.0,2021-01-08T00:09:28Z,s3://dea-public-data-dev/projects/WIT/Ramsar_WIT2_update_UID_result/248.csv,2021-01-08
248,0.0059866646488565,0.0040371039676675,0.0879651571666384,0.4068855545565418,0.4817840260653591,0.0,2021-02-09T00:09:20Z,s3://dea-public-data-dev/projects/WIT/Ramsar_WIT2_update_UID_result/248.csv,2021-02-09
248,0.0055237552633687,0.0041795376247407,0.0905818414891439,0.4268798572102589,0.4589702046593608,0.0,2021-02-25T00:09:15Z,s3://dea-public-data-dev/projects/WIT/Ramsar_WIT2_update_UID_result/248.csv,2021-02-25
248,0.0048697324317948,0.0075182614966192,0.0830297837108785,0.4440111193707629,0.4466355668519894,5.7863673185942766e-05,2021-03-29T00:09:01Z,s3://dea-public-data-dev/projects/WIT/Ramsar_WIT2_update_UID_result/248.csv,2021-03-29
248,0.0051988747640921,0.0162375814549727,0.0894641331054374,0.4372611099241534,0.4372441957768044,8.902103567076658e-06,2021-04-30T00:08:47Z,s3://dea-public-data-dev/projects/WIT/Ramsar_WIT2_update_UID_result/248.csv,2021-04-30
248,0.0072315981653827,0.0190185688204123,0.1007245402324442,0.3820774368793693,0.4775181903192769,0.0004273009712194,2021-12-10T00:09:35Z,s3://dea-public-data-dev/projects/WIT/Ramsar_WIT2_update_UID_result/248.csv,2021-12-10
248,0.003608259531584,0.0161385045455613,0.0853179073974018,0.4254205172778311,0.4556123000305386,0.0526158831331843,2022-02-28T00:09:15Z,s3://dea-public-data-dev/projects/WIT/Ramsar_WIT2_update_UID_result/248.csv,2022-02-28
248,0.0040192997605334,0.0215920522019353,0.0797625808978661,0.4488070291009766,0.4314178825456455,0.0,2022-04-01T00:08:58Z,s3://dea-public-data-dev/projects/WIT/Ramsar_WIT2_update_UID_result/248.csv,2022-04-01
